CASE_ID,ACCIDENT_YEAR,PROC_DATE,JURIS,COLLISION_DATE,COLLISION_TIME,OFFICER_ID,REPORTING_DISTRICT,DAY_OF_WEEK,CHP_SHIFT,POPULATION,CNTY_CITY_LOC,SPECIAL_COND,BEAT_TYPE,CHP_BEAT_TYPE,CITY_DIVISION_LAPD,CHP_BEAT_CLASS,BEAT_NUMBER,PRIMARY_RD,SECONDARY_RD,DISTANCE,DIRECTION,INTERSECTION,WEATHER_1,WEATHER_2,STATE_HWY_IND,CALTRANS_COUNTY,CALTRANS_DISTRICT,STATE_ROUTE,ROUTE_SUFFIX,POSTMILE_PREFIX,POSTMILE,LOCATION_TYPE,RAMP_INTERSECTION,SIDE_OF_HWY,TOW_AWAY,COLLISION_SEVERITY,NUMBER_KILLED,NUMBER_INJURED,PARTY_COUNT,PRIMARY_COLL_FACTOR,PCF_CODE_OF_VIOL,PCF_VIOL_CATEGORY,PCF_VIOLATION,PCF_VIOL_SUBSECTION,HIT_AND_RUN,TYPE_OF_COLLISION,MVIW,PED_ACTION,ROAD_SURFACE,ROAD_COND_1,ROAD_COND_2,LIGHTING,CONTROL_DEVICE,CHP_ROAD_TYPE,PEDESTRIAN_ACCIDENT,BICYCLE_ACCIDENT,MOTORCYCLE_ACCIDENT,TRUCK_ACCIDENT,NOT_PRIVATE_PROPERTY,ALCOHOL_INVOLVED,STWD_VEHTYPE_AT_FAULT,CHP_VEHTYPE_AT_FAULT,COUNT_SEVERE_INJ,COUNT_VISIBLE_INJ,COUNT_COMPLAINT_PAIN,COUNT_PED_KILLED,COUNT_PED_INJURED,COUNT_BICYCLIST_KILLED,COUNT_BICYCLIST_INJURED,COUNT_MC_KILLED,COUNT_MC_INJURED,PRIMARY_RAMP,SECONDARY_RAMP,LATITUDE,LONGITUDE,COUNTY,CITY,POINT_X,POINT_Y
91494149,2021,2021-06-10,9120,2021-06-03,1430,017248,,4,2,9,0800,0,1,2,,2,001,US-101,"E. DENNEY LANE",716.00,S,N,A,-,Y,,,101,,,,,,,Y,4,0,1,2,A,-,05,21460,A,N,B,C,A,A,H,-,A,D,0,,,,,Y,,A,01,0,0,1,0,0,0,0,0,0,"- ","- ",41.921718597412109,-124.13722229003906,"DEL NORTE",UNINCORPORATED,-124.13730621337891,41.921672821044922
91519374,2021,2021-07-13,9120,2021-07-09,1739,021725,,5,2,9,0800,0,1,2,,2,005,"RT 101","HAMILTON ROAD",5808.00,S,N,A,-,Y,,,101,,,,,,,Y,4,0,1,2,A,-,03,22350,,N,C,C,A,A,H,-,A,D,0,,,,,Y,,D,22,0,0,1,0,0,0,0,0,0,"- ","- ",41.705528259277344,-124.12640380859375,"DEL NORTE",UNINCORPORATED,-124.12639617919922,41.705535888671875
91612540,2021,2021-11-01,9120,2021-10-22,1010,017994,,5,1,9,0800,0,1,2,,2,005,"RT 101","MILL CREEK RD",17952.00,S,N,C,-,Y,,,101,,,,,,,Y,3,0,2,1,A,-,08,22107,,N,E,I,A,B,H,-,A,D,0,,,,,Y,,A,01,0,2,0,0,0,0,0,0,0,"- ","- ",41.638618469238281,-124.11531829833984,"DEL NORTE",UNINCORPORATED,-124.11530303955078,41.638618469238281
91467097,2021,2021-05-27,9120,2021-04-29,2105,021085,,4,2,9,0800,0,1,2,,2,004,US-199,"OREGON MOUNTAIN ROAD S",6970.00,N,N,A,-,Y,,,199,,,,,,,Y,3,0,1,1,C,-,18,,,N,H,H,A,A,H,-,D,D,0,,,Y,,Y,,-,"- ",0,1,0,0,0,0,0,0,1,"- ","- ",41.956348419189453,-123.74382019042969,"DEL NORTE",UNINCORPORATED,-123.7437744140625,41.956378936767578
91661309,2021,2021-12-24,9120,2021-12-19,1950,021279,,7,2,9,0800,0,1,3,,1,008,SR-197,"GINNY LANE",1700.00,N,N,C,-,Y,,,197,,,,,,,Y,3,0,1,1,A,-,03,22350,,N,E,I,A,B,H,-,D,D,0,,,,,Y,,A,01,0,1,0,0,0,0,0,0,0,"- ","- ",41.843700408935547,-124.11399078369141,"DEL NORTE",UNINCORPORATED,-124.11399078369141,41.843704223632812
91528706,2021,2021-07-26,9120,2021-07-21,1803,021580,,3,2,9,0800,0,2,4,,2,029,"WASHINGTON BOULEVARD","NORTHCREST DRIVE",50.00,E,N,A,-,N,,,,,,,,,,N,4,0,1,2,A,-,21,22106,,N,C,C,A,A,H,-,A,A,0,,,,,Y,,A,01,0,0,1,0,0,0,0,0,0,"- ","- ",41.772731781005859,-124.20001983642578,"DEL NORTE",UNINCORPORATED,-124.20018005371094,41.772720336914062
91561506,2021,2021-09-08,9120,2021-08-23,1913,021597,,1,2,2,0801,0,2,S,,2,901,"5TH STREET","D STREET",0.00,,Y,A,-,N,,,,,,,,,,Y,3,0,2,2,A,-,01,23152,A,N,D,C,A,A,H,-,A,D,0,,,,,Y,Y,A,01,0,2,0,0,0,0,0,0,0,"- ","- ",41.751651763916016,-124.20272827148438,"DEL NORTE","CRESCENT CITY",-124.20265960693359,41.751640319824219
91523862,2021,2021-07-19,9120,2021-07-09,2345,021329,,5,3,9,0800,0,1,2,,2,005,"US-101 S/B","CRISSEY LANE",525.00,S,N,B,-,Y,,,101,,,,,,S,N,4,0,1,2,A,-,01,23152,A,F,C,C,A,A,H,-,C,D,0,,,,,Y,Y,A,01,0,0,1,0,0,0,0,0,0,"- ","- ",41.994529724121094,-124.20806121826172,"DEL NORTE",UNINCORPORATED,-124.20807647705078,41.994529724121094
91455466,2021,2021-04-21,9120,2021-04-12,0942,019915,,1,1,9,0800,0,1,2,,2,006,US-101,"EHLERS WAY",0.00,,Y,A,-,Y,,,101,,,,,,,Y,3,0,4,2,A,-,09,21801,A,N,D,C,A,A,H,-,A,D,0,,,,,Y,,A,01,0,4,0,0,0,0,0,0,0,"- ","- ",41.531490325927734,-124.04148101806641,"DEL NORTE",UNINCORPORATED,-124.04170227050781,41.531265258789062
91433344,2021,2021-04-06,9120,2021-03-16,2140,017994,,2,2,9,0800,0,2,4,,2,027,"NORTHCREST DRIVE","MADISON AVENUE",112.00,N,N,A,-,N,,,,,,,,,,Y,2,0,1,2,A,-,11,21954,A,N,G,B,D,A,H,-,D,D,0,Y,,,,Y,Y,N,60,1,0,0,0,1,0,0,0,0,"- ","- ",41.778488159179688,-124.19921875,"DEL NORTE",UNINCORPORATED,-124.1990966796875,41.778484344482422
91469989,2021,2021-05-27,9120,2021-05-10,1105,017994,,1,1,9,0800,0,3,5,,2,042,"DEL NORTE STREET","CHILDS AVENUE",0.00,,Y,A,-,N,,,,,,,,,,Y,4,0,1,2,A,-,09,21800,A,N,D,C,A,A,H,-,A,D,0,,,,,Y,,D,22,0,0,1,0,0,0,0,0,0,"- ","- ",41.761558532714844,-124.2081298828125,"DEL NORTE",UNINCORPORATED,-124.20809936523438,41.761531829833984
91591674,2021,2021-10-08,9120,2021-10-01,2146,021580,,5,2,9,0800,0,3,5,,2,042,"LOWER LAKE ROAD","MUD HEN ROAD",1056.00,S,N,A,-,N,,,,,,,,,,Y,3,0,1,1,A,-,01,23152,A,N,F,I,A,A,H,-,D,D,0,,,,,Y,Y,D,22,0,1,0,0,0,0,0,0,0,"- ","- ",41.849468231201172,-124.17487335205078,"DEL NORTE",UNINCORPORATED,,
91415340,2021,2021-02-25,9120,2021-02-17,0800,019348,,3,1,9,0800,0,2,4,,2,027,"NORTHCREST DR","BLACKWELL LN",0.00,,Y,A,-,N,,,,,,,,,,N,4,0,1,2,A,-,09,21802,A,N,D,C,A,A,H,-,A,A,0,,,,,Y,,A,01,0,0,1,0,0,0,0,0,0,"- ","- ",41.787281036376953,-124.19367980957031,"DEL NORTE",UNINCORPORATED,-124.19396209716797,41.787124633789062
91421281,2021,2021-03-05,9120,2021-03-01,1205,019348,,1,1,9,0800,0,3,5,,2,043,"LOW DIVIDE RD","SULTAN CREEK",70.00,E,N,A,-,N,,,,,,,,,,Y,4,0,1,1,A,-,03,22350,,N,F,I,A,A,H,-,A,D,0,,,,,Y,,A,07,0,0,1,0,0,0,0,0,0,"- ","- ",41.868919372558594,-124.07453918457031,"DEL NORTE",UNINCORPORATED,-124.06817626953125,41.883663177490234
91525454,2021,2021-07-21,9120,2021-07-13,1335,021725,,2,1,9,0800,0,1,2,,2,005,"RT 101","MILL CREEK CAMPGROUND ROAD",11616.00,N,N,B,-,Y,,,101,,,,,,,Y,3,0,1,2,A,-,09,21801,A,N,D,C,A,A,H,-,A,D,0,,,,,Y,,A,01,0,1,0,0,0,0,0,0,0,"- ","- ",41.677009582519531,-124.11290740966797,"DEL NORTE",UNINCORPORATED,-124.11288452148438,41.677009582519531
91628342,2021,2021-11-18,9120,2021-11-10,1720,021085,,3,2,9,0800,0,1,2,,2,002,US-101,"PARKWAY DRIVE",875.00,S,N,C,-,Y,,,101,,,,,,,N,3,0,1,2,A,-,05,21650,,N,D,G,A,B,H,-,D,D,0,,Y,,,Y,,L,04,0,1,0,0,0,0,1,0,0,"- ","- ",41.767280578613281,-124.19287872314453,"DEL NORTE",UNINCORPORATED,-124.19284057617188,41.767223358154297
91456441,2021,2021-05-27,9120,2021-04-14,1735,017248,,3,2,9,0800,0,1,2,,2,003,US-199,"HARDSCRABBLE CREEK BRIDGE",1584.00,N,N,A,-,Y,,,199,,,,,,,Y,3,0,1,1,A,-,01,23152,A,N,E,I,A,A,H,-,A,D,0,,,,,Y,Y,D,22,0,1,0,0,0,0,0,0,0,"- ","- ",41.843189239501953,-124.02214813232422,"DEL NORTE",UNINCORPORATED,-124.02216339111328,41.843196868896484
91468071,2021,2021-05-27,9120,2021-05-04,1515,021580,,2,2,9,0800,0,1,2,,2,003,US-199,"HARDSCRABBLE CREEK BRIDGE (199 DN 11.03)",173.00,N,N,A,-,Y,,,199,,,,,,,Y,3,0,2,1,A,-,08,22107,,N,E,8,A,A,H,-,A,D,0,,,,,Y,,A,01,0,2,0,0,0,0,0,0,0,"- ","- ",41.839019775390625,-124.02500915527344,"DEL NORTE",UNINCORPORATED,-124.02501678466797,41.839111328125
91434276,2021,2021-03-24,9120,2021-03-18,0500,021161,,4,3,9,0800,0,2,4,,2,030,US-199,"SOUTH FORK ROAD",10085.00,N,N,B,C,Y,,,199,,,,,,,Y,3,0,2,1,A,-,03,22350,,N,E,I,A,B,H,-,D,D,0,,,,,Y,,A,07,0,1,1,0,0,0,0,0,0,"- ","- ",41.821949005126953,-124.03513336181641,"DEL NORTE",UNINCORPORATED,-124.03513336181641,41.821952819824219
91461349,2021,2021-05-27,9120,2021-04-23,1710,021597,,5,2,9,0800,0,1,2,,2,005,US-101,"US-101 AND ANCHOR WAY",0.00,,Y,B,-,Y,,,101,,,,,,,Y,3,0,5,2,A,-,12,22450,A,N,D,C,A,A,H,-,A,A,0,,,,,Y,,A,01,0,5,0,0,0,0,0,0,0,"- ","- ",41.746719360351562,-124.17733764648438,"DEL NORTE",UNINCORPORATED,-124.17734527587891,41.746715545654297
91566708,2021,2021-09-09,9120,2021-08-31,2245,021329,,2,3,9,0800,0,1,2,,2,003,US-199,"WALKER ROAD",5280.00,N,N,A,-,Y,,,199,,,,,,,Y,4,0,1,1,A,-,08,22107,,N,E,8,A,A,H,-,D,D,0,,,,,Y,,A,07,0,0,1,0,0,0,0,0,0,"- ","- ",41.809619903564453,-124.08792114257812,"DEL NORTE",UNINCORPORATED,-124.08792114257812,41.809616088867188
91518985,2021,2021-07-13,9120,2021-07-07,1505,021580,,3,2,9,0800,0,1,2,,2,001,US-101,"OCEANVIEW DRIVE",0.00,,Y,A,-,Y,,,101,,,,,,,Y,3,0,1,2,A,-,09,21802,A,N,D,C,A,A,G,-,A,D,0,,,,,Y,,A,01,0,1,0,0,0,0,0,0,0,"- ","- ",41.933910369873047,-124.16548156738281,"DEL NORTE",UNINCORPORATED,-124.16547393798828,41.933933258056641
91608885,2021,2021-10-28,9120,2021-10-23,1715,021329,,6,2,9,0800,0,1,2,,2,004,US-199,"KNOPKI CREEK",3168.00,N,N,C,-,Y,,,,,,,,,,Y,3,0,1,1,A,-,03,22350,,N,E,I,A,B,H,-,A,D,0,,,,,Y,,A,07,0,1,0,0,0,0,0,0,0,"- ","- ",,,"DEL NORTE",UNINCORPORATED,-123.75632476806641,41.932563781738281
91453891,2021,2021-04-27,9120,2021-04-11,1442,021597,,7,2,9,0800,0,1,2,,2,003,"RT 199","OREGON MOUNTAIN RD",2400.00,S,N,A,-,Y,,,199,,,,,,,Y,2,0,1,1,A,-,01,23152,A,N,F,A,A,A,H,-,A,D,0,,,Y,,Y,Y,C,02,1,0,0,0,0,0,0,0,1,"- ","- ",41.933780670166016,-123.75698852539062,"DEL NORTE",UNINCORPORATED,-123.75696563720703,41.933773040771484
91586416,2021,2021-10-04,9120,2021-09-28,1513,021597,,2,2,9,0800,0,2,4,,2,030,"ELK VALLEY RD","CHURCH TREE LANE",840.00,S,N,A,-,N,,,,,,,,,,Y,3,0,1,1,A,-,08,22107,,N,E,I,A,A,H,-,A,D,0,,,,,Y,,A,08,0,1,0,0,0,0,0,0,0,"- ","- ",41.790458679199219,-124.14478302001953,"DEL NORTE",UNINCORPORATED,-124.14537048339844,41.789478302001953
91412967,2021,2021-02-22,9120,2021-02-19,2250,021279,,5,3,9,0800,0,1,2,,2,004,"N/B US-199","OREGON MOUNTAIN RD",6336.00,S,N,D,-,Y,,,199,,,,,,,Y,3,0,1,2,A,-,03,22350,,N,A,C,A,C,H,-,D,D,0,,,,,Y,,A,01,0,1,0,0,0,0,0,0,0,"- ","- ",41.974281311035156,-123.74063110351562,"DEL NORTE",UNINCORPORATED,-123.74068450927734,41.974361419677734
91564431,2021,2021-09-07,9120,2021-08-30,1305,017994,,1,1,9,0800,0,1,2,,2,005,US-101,"SANDMINE RD",9.00,N,N,A,-,Y,,,101,,,,,,,Y,2,0,2,2,A,-,01,23152,A,N,C,C,A,A,H,-,A,D,0,,,,,Y,Y,A,01,1,0,1,0,0,0,0,0,0,"- ","- ",41.740131378173828,-124.16251373291016,"DEL NORTE",UNINCORPORATED,-124.16249847412109,41.740150451660156
91434161,2021,2021-03-24,9120,2021-03-17,1730,017248,,3,2,9,0800,0,1,3,,1,008,SR-197,"GINNY LN",2020.00,N,N,A,-,Y,,,197,,,,,,,Y,2,0,2,2,A,-,03,22350,,N,A,C,A,B,H,-,A,D,0,,,,,Y,,A,01,2,0,0,0,0,0,0,0,0,"- ","- ",41.843738555908203,-124.11403656005859,"DEL NORTE",UNINCORPORATED,-124.11403656005859,41.843738555908203
91449617,2021,2021-04-13,9120,2021-03-25,1149,021161,,4,1,9,0800,0,1,2,,2,003,US-199,"WALKER ROAD",84.00,N,N,A,-,Y,,,199,,,,,,,Y,1,2,0,1,C,-,18,,,N,H,J,A,A,H,-,A,D,0,,,,,Y,,-,"- ",0,0,0,0,0,0,0,0,0,"- ","- ",41.811508178710938,-124.10812377929688,"DEL NORTE",UNINCORPORATED,-124.10812377929688,41.811447143554688
91649203,2021,2021-12-10,9120,2021-12-02,0517,021161,,4,3,9,0800,0,1,2,,2,001,US-101,"PELICAN BEACH VISTA",206.00,S,N,B,E,Y,,,101,,,,,,,Y,2,0,1,2,A,-,11,21954,A,N,G,B,E,B,H,-,C,D,0,Y,,,,Y,Y,N,60,1,0,0,0,1,0,0,0,0,"- ","- ",41.994419097900391,-124.20799255371094,"DEL NORTE",UNINCORPORATED,-124.20798492431641,41.994419097900391
91600702,2021,2021-10-19,9120,2021-10-12,0335,021863,,2,3,9,0800,0,1,2,,2,006,US-101,"REQUA RD",1373.00,S,N,A,-,Y,,,101,,,,,,,Y,4,0,1,1,A,-,08,22107,,N,E,J,A,A,H,-,D,D,0,,,,,Y,,A,07,0,0,1,0,0,0,0,0,0,"- ","- ",41.550571441650391,-124.05339813232422,"DEL NORTE",UNINCORPORATED,-124.05344390869141,41.550540924072266
91537396,2021,2021-08-05,9120,2021-07-28,1659,021597,,3,2,9,0800,0,1,2,,2,001,US-101,"SARINA ROAD",480.00,N,N,A,-,Y,,,101,,,,,,,N,4,0,1,2,A,-,03,22350,,N,C,C,A,A,C,-,A,A,0,,,,,Y,,A,01,0,0,1,0,0,0,0,0,0,"- ","- ",41.934680938720703,-124.16905212402344,"DEL NORTE",UNINCORPORATED,-124.16905212402344,41.934654235839844
91386011,2021,2021-01-12,9120,2021-01-03,1216,021725,,7,1,9,0800,0,2,4,,2,030,"ELK VALLEY CROSS RD",US-199,0.00,,Y,B,-,Y,,,,,,,,,,Y,4,0,2,2,A,-,09,21802,A,N,D,C,A,B,H,-,A,A,0,,,,,Y,,A,01,0,0,2,0,0,0,0,0,0,"- ","- ",41.804481506347656,-124.14328002929688,"DEL NORTE",UNINCORPORATED,-124.14324188232422,41.804351806640625
91427573,2021,2021-03-15,9120,2021-03-05,2214,021725,,5,3,9,0800,0,2,4,,2,030,"PARKWAY DR.","WASHINGTON BLVD",0.00,,Y,B,C,N,,,,,,,,,,Y,4,0,2,2,A,-,09,21801,A,N,D,C,A,B,H,-,C,D,0,,,,,Y,,A,01,0,0,2,0,0,0,0,0,0,"- ","- ",41.772590637207031,-124.18485260009766,"DEL NORTE",UNINCORPORATED,-124.18482971191406,41.772563934326172
91532179,2021,2021-07-29,9120,2021-07-23,0525,019348,,5,3,9,0800,0,2,4,,2,027,"LAKE EARL DR","BAY MEADOW",353.00,N,N,A,-,N,,,,,,,,,,Y,4,0,1,1,C,-,18,,,N,A,H,A,A,H,-,B,D,0,,,,,Y,,-,"- ",0,0,1,0,0,0,0,0,0,"- ","- ",41.789779663085938,-124.18997955322266,"DEL NORTE",UNINCORPORATED,-124.18965148925781,41.790016174316406
91442142,2021,2021-04-02,9120,2021-03-30,1632,021329,,2,2,9,0800,0,3,5,,2,042,"MACKEN AVENUE","MODOC STREET",304.00,W,N,A,-,N,,,,,,,,,,N,4,0,1,2,A,-,09,21804,A,N,D,G,A,A,H,-,A,D,0,,Y,,,Y,,L,04,0,0,1,0,0,0,1,0,0,"- ","- ",41.759109497070312,-124.21919250488281,"DEL NORTE",UNINCORPORATED,-124.21913146972656,41.759082794189453
91624508,2021,2021-11-15,9120,2021-11-05,0745,021161,,5,1,9,0800,0,1,2,,2,003,US-199,"HARDSCRABBLE CREEK",2670.00,S,N,B,C,Y,,,199,,,,,,,Y,4,0,1,2,A,-,08,22107,,N,E,I,A,B,H,-,D,D,0,,,,Y,Y,,A,01,0,0,1,0,0,0,0,0,0,"- ","- ",41.838848114013672,-124.03578186035156,"DEL NORTE",UNINCORPORATED,-124.03580474853516,41.838871002197266
91634780,2021,2021-11-24,9120,2021-11-19,1048,021161,,5,1,9,0800,0,1,2,,2,003,US-199,"MADRONE RIVER ACCESS",19500.00,N,N,A,-,Y,,,199,,,,,,,Y,4,0,1,1,A,-,08,22107,,N,E,I,A,B,H,-,A,D,0,,,,,Y,,D,22,0,0,1,0,0,0,0,0,0,"- ","- ",41.858760833740234,-123.87722778320312,"DEL NORTE",UNINCORPORATED,-123.87722778320312,41.858795166015625
91647659,2021,2021-12-09,9120,2021-12-02,1832,021329,,4,2,9,0800,0,3,5,,2,045,"HUNTER CREEK RD",US-101,1584.00,E,N,E,-,N,,,,,,,,,,N,3,0,1,1,A,-,08,22107,,N,E,I,A,B,H,-,D,D,0,,,,,Y,,A,08,0,1,0,0,0,0,0,0,0,"- ","- ",41.565410614013672,-124.05927276611328,"DEL NORTE",UNINCORPORATED,-124.06085205078125,41.562995910644531
91648141,2021,2021-12-09,9120,2021-12-02,0514,019915,,4,3,9,0800,0,1,2,,2,001,US-101,"PELICAN BEACH VISTA",25.00,S,N,B,E,Y,,,101,,,,,,,Y,3,0,1,2,A,-,09,21801,A,N,D,C,A,B,H,-,C,D,0,,,,,Y,Y,A,07,0,1,0,0,0,0,0,0,0,"- ","- ",41.994651794433594,-124.20796966552734,"DEL NORTE",UNINCORPORATED,-124.20800018310547,41.994647979736328
91479593,2021,2021-05-27,9120,2021-05-14,1535,017248,,5,2,9,0800,0,1,2,,2,003,US-199,"CABLE LANE",10.00,N,N,A,-,Y,,,199,,,,,,,Y,3,0,5,2,A,-,08,22107,,N,D,C,A,A,H,-,A,D,0,,,,,Y,,A,01,0,3,2,0,0,0,0,0,0,"- ","- ",41.79296875,-124.07192230224609,"DEL NORTE",UNINCORPORATED,-124.07192993164062,41.792903900146484
91575564,2021,2021-09-21,9120,2021-09-13,0652,015954,,1,1,9,0800,0,1,2,,2,003,US-199,"PIONEER RD",528.00,S,N,A,-,Y,,,199,,,,,,,Y,2,0,1,1,A,-,08,22107,,F,F,I,A,A,H,-,A,D,0,,,,,Y,,A,01,1,0,0,0,0,0,0,0,0,"- ","- ",41.839870452880859,-123.93244934082031,"DEL NORTE",UNINCORPORATED,-123.93250274658203,41.839942932128906
91513976,2021,2021-07-06,9120,2021-06-30,1908,021580,,3,2,9,0800,0,1,2,,2,006,US-101,"WILSON CREEK ROAD",1320.00,S,N,A,-,Y,,,101,,,,,,,Y,3,0,1,2,A,-,03,22350,,N,C,C,A,A,H,-,A,D,0,,,Y,,Y,,C,02,0,1,0,0,0,0,0,0,1,"- ","- ",41.599170684814453,-124.10063934326172,"DEL NORTE",UNINCORPORATED,-124.10050201416016,41.599151611328125
91386927,2021,2021-01-13,9120,2021-01-06,1128,019915,,3,1,9,0800,0,1,2,,2,005,US-101,"MILL CREEK CAMPGROUND",15840.00,S,N,B,C,Y,,,101,,,,,,,Y,4,0,1,1,A,-,03,22350,,N,E,I,A,B,H,-,A,D,0,,,,,Y,,D,22,0,0,1,0,0,0,0,0,0,"- ","- ",41.665889739990234,-124.11328887939453,"DEL NORTE",UNINCORPORATED,-124.11304473876953,41.665782928466797