CASE_ID,ACCIDENT_YEAR,PROC_DATE,JURIS,COLLISION_DATE,COLLISION_TIME,OFFICER_ID,REPORTING_DISTRICT,DAY_OF_WEEK,CHP_SHIFT,POPULATION,CNTY_CITY_LOC,SPECIAL_COND,BEAT_TYPE,CHP_BEAT_TYPE,CITY_DIVISION_LAPD,CHP_BEAT_CLASS,BEAT_NUMBER,PRIMARY_RD,SECONDARY_RD,DISTANCE,DIRECTION,INTERSECTION,WEATHER_1,WEATHER_2,STATE_HWY_IND,CALTRANS_COUNTY,CALTRANS_DISTRICT,STATE_ROUTE,ROUTE_SUFFIX,POSTMILE_PREFIX,POSTMILE,LOCATION_TYPE,RAMP_INTERSECTION,SIDE_OF_HWY,TOW_AWAY,COLLISION_SEVERITY,NUMBER_KILLED,NUMBER_INJURED,PARTY_COUNT,PRIMARY_COLL_FACTOR,PCF_CODE_OF_VIOL,PCF_VIOL_CATEGORY,PCF_VIOLATION,PCF_VIOL_SUBSECTION,HIT_AND_RUN,TYPE_OF_COLLISION,MVIW,PED_ACTION,ROAD_SURFACE,ROAD_COND_1,ROAD_COND_2,LIGHTING,CONTROL_DEVICE,CHP_ROAD_TYPE,PEDESTRIAN_ACCIDENT,BICYCLE_ACCIDENT,MOTORCYCLE_ACCIDENT,TRUCK_ACCIDENT,NOT_PRIVATE_PROPERTY,ALCOHOL_INVOLVED,STWD_VEHTYPE_AT_FAULT,CHP_VEHTYPE_AT_FAULT,COUNT_SEVERE_INJ,COUNT_VISIBLE_INJ,COUNT_COMPLAINT_PAIN,COUNT_PED_KILLED,COUNT_PED_INJURED,COUNT_BICYCLIST_KILLED,COUNT_BICYCLIST_INJURED,COUNT_MC_KILLED,COUNT_MC_INJURED,PRIMARY_RAMP,SECONDARY_RAMP,LATITUDE,LONGITUDE,COUNTY,CITY,POINT_X,POINT_Y
91626013,2021,2021-11-16,9120,2021-11-05,1355,021329,,5,1,9,0800,0,1,3,,2,007,SR-169,"KLAMATH BLVD",6864.00,E,N,C,-,Y,,,169,,,,,,,Y,4,0,1,1,A,-,03,22350,,N,E,8,A,B,H,-,A,D,0,,,,,Y,,D,22,0,0,1,0,0,0,0,0,0,"- ","- ",41.524509429931641,-124.01087188720703,"DEL NORTE",UNINCORPORATED,-124.01084899902344,41.524452209472656
91639774,2021,2021-12-01,9120,2021-11-29,1445,021279,,1,2,9,0800,0,1,2,,2,003,US-199,"PARKWAY DRIVE",5174.00,N,N,A,-,Y,,,,,,,,,,Y,3,0,2,1,A,-,03,22350,,N,E,I,A,B,H,-,A,D,0,,,,,Y,,A,01,0,2,0,0,0,0,0,0,0,"- ","- ",38.819801330566406,-121.02760314941406,"DEL NORTE",UNINCORPORATED,-124.12745666503906,41.810520172119141
91537325,2021,2021-08-05,9120,2021-07-28,2500,021221,,3,4,9,0800,0,2,4,,2,027,"BOULDER AVE","LAKE EARL DRIVE",15.00,W,N,A,-,N,,,,,,,,,,N,2,0,1,1,A,-,03,22350,,N,E,I,A,A,H,-,B,D,0,,,Y,,Y,Y,C,02,1,0,0,0,0,0,0,0,1,"- ","- ",41.797389984130859,-124.18080902099609,"DEL NORTE",UNINCORPORATED,-124.18077087402344,41.797321319580078
91581708,2021,2021-09-28,9120,2021-08-06,1347,021161,,5,1,9,0800,0,1,2,,2,006,"UNITED STATES HIGHWAY 101 (US-101)","LONESOME RD",2400.00,N,N,A,-,Y,,,101,,,,,,,Y,1,1,3,2,A,-,05,21460,A,N,A,C,A,A,H,-,A,D,0,,,,,Y,,A,07,1,2,0,0,0,0,0,0,0,"- ","- ",41.583858489990234,-124.085693359375,"DEL NORTE",UNINCORPORATED,-124.08568572998047,41.583885192871094
91651964,2021,2021-12-14,9120,2021-12-08,0350,021597,,3,3,9,0800,0,1,2,,2,006,US-101,"KLAMATH BEACH RD",3800.00,S,N,C,-,Y,,,101,,,,,,,Y,3,0,1,1,A,-,08,22107,,N,B,8,A,B,H,-,D,D,0,,,,,Y,,D,22,0,1,0,0,0,0,0,0,0,"- ","- ",41.5018310546875,-124.03369903564453,"DEL NORTE",UNINCORPORATED,-124.03374481201172,41.501876831054688
91624240,2021,2021-11-15,9120,2021-11-04,1338,021161,,4,1,9,0800,0,1,2,,2,003,US-199,"WALKER ROAD",2700.00,S,N,B,C,Y,,,199,,,,,,,Y,3,0,2,1,A,-,03,22350,,N,E,I,A,B,H,-,A,D,0,,,,,Y,,D,22,0,1,1,0,0,0,0,0,0,"- ","- ",41.810909271240234,-124.11894989013672,"DEL NORTE",UNINCORPORATED,-124.11892700195312,41.810863494873047
91448617,2021,2021-04-12,9120,2021-04-02,1444,021597,,5,2,9,0800,0,3,5,,2,042,"MOREHEAD ROAD","BOLEN LANE",135.00,E,N,A,-,N,,,,,,,,,,Y,3,0,1,1,A,-,08,22107,,N,E,I,A,A,H,-,A,D,0,,,,,Y,,A,01,0,1,0,0,0,0,0,0,0,"- ","- ",41.865890502929688,-124.16220092773438,"DEL NORTE",UNINCORPORATED,-124.16221618652344,41.865829467773438
91591602,2021,2021-10-08,9120,2021-10-04,1727,017248,,1,2,9,0800,0,1,2,,2,004,US-199,"SISKIYOU FORK ROAD",10032.00,N,N,A,-,Y,,,199,,,,,,,Y,3,0,1,1,A,-,03,22350,,N,E,I,A,A,H,-,A,D,0,,,Y,,Y,Y,C,02,0,1,0,0,0,0,0,0,1,"- ","- ",41.894821166992188,-123.78204345703125,"DEL NORTE",UNINCORPORATED,-123.78202819824219,41.894790649414062
91520175,2021,2021-07-14,9120,2021-07-11,1015,021085,,7,1,9,0800,0,1,2,,2,002,US-101,"REYNOLDS LN",0.00,,Y,B,-,Y,,,101,,,,,,,Y,4,0,1,2,A,-,09,21804,A,N,D,C,A,A,H,-,A,D,0,,,,,Y,,A,01,0,0,1,0,0,0,0,0,0,"- ","- ",41.869350433349609,-124.13951110839844,"DEL NORTE",UNINCORPORATED,-124.13951873779297,41.869350433349609
91586411,2021,2021-10-04,9120,2021-09-27,1942,021085,,1,2,9,0800,0,2,4,,2,027,"NORTHCREST DRIVE","WASHINGTON BOULEVARD",0.00,,Y,B,-,N,,,,,,,,,,Y,3,0,1,2,A,-,09,21453,C,N,D,C,A,B,H,-,C,A,0,,,,,Y,,A,01,0,1,0,0,0,0,0,0,0,"- ","- ",41.772739410400391,-124.20024108886719,"DEL NORTE",UNINCORPORATED,-124.20036315917969,41.772716522216797
91632290,2021,2021-11-22,9120,2021-11-14,1242,019915,,7,1,9,0800,0,1,2,,2,003,US-199,"WALKER ROAD",6336.00,S,N,B,-,Y,,,,,,,,,,Y,3,0,1,1,A,-,01,23152,F,N,E,I,A,B,H,-,A,D,0,,,,,Y,,A,07,0,1,0,0,0,0,0,0,0,"- ","- ",41.509418487548828,-124.12786102294922,"DEL NORTE",UNINCORPORATED,-124.12808227539062,41.809551239013672
91667578,2021,2021-12-31,9120,2021-12-23,1515,021329,,4,2,9,0800,0,1,2,,2,002,US-101,"WILSON LN",0.00,,Y,B,-,Y,,,101,,,,,,,Y,4,0,1,2,A,-,09,21802,A,N,D,C,A,A,H,-,A,A,0,,,,,Y,,D,22,0,0,1,0,0,0,0,0,0,"- ","- ",41.919120788574219,-124.13646697998047,"DEL NORTE",UNINCORPORATED,-124.13655853271484,41.919120788574219
91610655,2021,2021-10-29,9120,2021-10-21,2124,021580,,4,2,9,0800,0,2,4,,2,030,"ELK VALLEY ROAD","HOWLAND HILL",54.00,S,N,B,C,N,,,,,,,,,,N,2,0,1,2,A,-,11,21954,A,N,G,B,D,B,H,-,D,D,0,Y,,,Y,Y,,N,60,1,0,0,0,1,0,0,0,0,"- ","- ",41.758041381835938,-124.16773986816406,"DEL NORTE",UNINCORPORATED,-124.16771697998047,41.758098602294922
91389578,2021,2021-01-18,9120,2021-01-16,1155,021725,,6,1,9,0800,0,1,2,,2,003,US-199,"FRENCH HILL RD",10032.00,S,N,B,-,Y,,,199,,,,,,,N,4,0,1,2,A,-,03,22350,,N,C,C,A,A,H,-,A,D,0,,,,,Y,,A,01,0,0,1,0,0,0,0,0,0,"- ","- ",41.830558776855469,-124.03407287597656,"DEL NORTE",UNINCORPORATED,-124.03411102294922,41.830474853515625
91463215,2021,2021-05-27,9120,2021-04-23,1715,021279,,5,2,9,0800,0,1,2,,2,001,"S/B US-101","ROWDY CREEK ROAD",0.00,,Y,B,-,Y,,,101,,,,,,,Y,3,0,1,2,A,-,01,23152,F,N,D,C,A,A,H,-,A,D,0,,,,,Y,,A,01,0,1,0,0,0,0,0,0,0,"- ","- ",41.929119110107422,-124.14427947998047,"DEL NORTE",UNINCORPORATED,-124.144287109375,41.929111480712891
91491268,2021,2021-06-07,9120,2021-05-27,1400,021085,,4,2,9,0800,0,1,2,,2,006,US-101,"WILSON CREEK ROAD",2816.00,S,N,B,C,Y,,,,,,,,,,Y,4,0,1,2,A,-,03,22350,,N,C,C,A,B,H,-,A,D,0,,,,,Y,,M,47,0,0,1,0,0,0,0,0,0,"- ","- ",,,"DEL NORTE",UNINCORPORATED,-124.10072326660156,41.59564208984375
91621786,2021,2021-11-10,9120,2021-11-04,0655,017994,,4,1,9,0800,0,1,2,,2,006,US-101,"NEWTON B DRURY SCENIC PARKWAY",6336.00,S,N,C,E,Y,,,101,,,,,,,Y,4,0,1,1,A,-,03,22350,,N,E,J,A,B,C,-,D,D,0,,,,,Y,,D,22,0,0,1,0,0,0,0,0,0,"- ","- ",41.472640991210938,-124.04325103759766,"DEL NORTE",UNINCORPORATED,-124.04319763183594,41.472671508789062
91389014,2021,2021-01-18,9120,2021-01-11,0721,021597,,1,1,9,0800,0,1,2,,2,001,US-101,SR-197,0.00,,Y,A,-,Y,,,101,,,,,,,Y,3,0,1,2,A,-,05,21460,A,F,B,C,A,B,H,-,B,D,0,,,,,Y,,A,07,0,1,0,0,0,0,0,0,0,"- ","- ",41.881618499755859,-124.13671112060547,"DEL NORTE",UNINCORPORATED,-124.13668823242188,41.881618499755859
91609012,2021,2021-10-28,9120,2021-10-22,1555,021863,,5,2,9,0800,0,1,2,,2,005,US-101,"MILL CREEK",19483.00,S,N,B,-,Y,,,101,,,,,,,Y,2,0,1,1,A,-,03,22350,,N,F,0,A,B,H,-,A,D,0,,,,,Y,,D,22,1,0,0,0,0,0,0,0,0,"- ","- ",41.664051055908203,-124.11448669433594,"DEL NORTE",UNINCORPORATED,-124.11442565917969,41.663986206054688
91626135,2021,2021-11-16,9120,2021-11-06,1509,021329,,6,2,9,0800,0,1,2,,2,001,US-101,"BOROUGH LN",25.00,N,N,C,-,Y,,,101,,,,,,,Y,4,0,2,3,A,-,03,22350,,N,C,C,A,B,H,-,A,D,0,,,,,Y,,A,01,0,0,2,0,0,0,0,0,0,"- ","- ",41.917270660400391,-124.13657379150391,"DEL NORTE",UNINCORPORATED,-124.13656616210938,41.917270660400391
91410262,2021,2021-02-17,9120,2021-02-15,2240,021279,,1,3,9,0800,0,1,2,,2,003,"S/B US-199","SOUTH FORK SMITH RIVER",2866.00,N,N,B,C,Y,,,199,,,,,,,Y,2,0,1,1,A,-,08,22107,,N,F,I,A,B,H,-,D,D,0,,,,,Y,,A,01,1,0,0,0,0,0,0,0,0,"- ","- ",41.808879852294922,-124.05043029785156,"DEL NORTE",UNINCORPORATED,-124.0504150390625,41.808841705322266
91578344,2021,2021-09-23,9120,2021-09-14,2245,017994,,2,3,9,0800,0,1,2,,2,006,US-101,"WILSON CREEK RD",2640.00,S,N,A,-,Y,,,,,,,,,,Y,4,0,1,1,A,-,08,22107,,N,E,I,A,A,H,-,D,D,0,,,,,Y,Y,D,22,0,0,1,0,0,0,0,0,0,"- ","- ",41.355510711669922,-124.06027221679688,"DEL NORTE",UNINCORPORATED,-124.10092926025391,41.596092224121094
91602366,2021,2021-10-21,9125,2021-09-24,1520,022677,,5,2,9,0800,0,1,3,,1,060,SR-299,"OLD 3 CREEKS ROAD",5280.00,W,N,A,-,Y,,,,,,,,,,Y,2,0,1,1,A,-,08,22107,,N,E,I,A,A,H,-,A,D,0,,,,,Y,,D,22,1,0,0,0,0,0,0,0,0,"- ","- ",40.908119201660156,-123.78296661376953,"DEL NORTE",UNINCORPORATED,,
91491323,2021,2021-06-07,9120,2021-05-28,1754,021279,,5,2,9,0800,0,2,4,,2,029,"INYO STREET S/B","CAPTAINS HIDEOUT",187.00,S,N,A,-,N,,,,,,,,,,N,3,0,1,2,A,-,03,22350,,N,C,E,A,A,H,-,A,D,0,,Y,,,Y,Y,L,04,0,1,0,0,0,0,1,0,0,"- ","- ",41.771240234375,-124.21692657470703,"DEL NORTE",UNINCORPORATED,-124.21659851074219,41.770980834960938
91497370,2021,2021-06-15,9120,2021-06-06,0310,021863,,7,3,9,0800,0,3,5,,2,043,"OCEANVIEW DR","SPYGLASS RD",6.00,S,N,A,-,N,,,,,,,,,,Y,3,0,1,1,A,-,01,23152,A,F,E,I,A,A,H,-,D,D,0,,,,,Y,Y,A,07,0,1,0,0,0,0,0,0,0,"- ","- ",,,"DEL NORTE",UNINCORPORATED,-124.19817352294922,41.974132537841797
91590333,2021,2021-10-07,9120,2021-09-28,1550,021580,,2,2,9,0800,0,1,2,,2,003,"US-199 N/B","WALKER ROAD",4224.00,S,N,B,-,Y,,,199,,,,,,N,Y,2,0,4,1,A,-,01,23152,G,N,E,8,A,B,H,-,A,A,0,,,,,Y,Y,A,01,1,1,2,0,0,0,0,0,0,"- ","- ",41.81024169921875,-124.12175750732422,"DEL NORTE",UNINCORPORATED,-124.12178802490234,41.810367584228516
91463279,2021,2021-05-27,9120,2021-04-24,1637,021725,,6,2,9,0800,0,1,2,,2,003,"RT 199","WALKER RD.",4224.00,S,N,B,C,Y,,,199,,,,,,,Y,3,0,1,1,A,-,03,22350,,N,E,I,A,B,H,-,A,D,0,,,,,Y,,D,22,0,1,0,0,0,0,0,0,0,"- ","- ",41.810798645019531,-124.12058258056641,"DEL NORTE",UNINCORPORATED,-124.12058258056641,41.810802459716797
91632003,2021,2021-11-22,9120,2021-11-15,1410,017248,,1,2,9,0800,0,1,2,,2,002,US-199,"WALKER ROAD",2640.00,S,N,B,C,Y,,,199,,,,,,,Y,3,0,2,2,A,-,03,22350,,N,A,C,A,B,H,-,A,D,0,,,,,Y,,D,22,0,1,1,0,0,0,0,0,0,"- ","- ",41.811550140380859,-124.11547088623047,"DEL NORTE",UNINCORPORATED,-124.11546325683594,41.811599731445312
91496573,2021,2021-06-14,9120,2021-06-08,1557,021725,,2,2,9,0800,0,1,2,,2,002,"S/B US-101","101 DN 31.31",128.00,N,N,A,-,Y,,,101,,,,,,,Y,3,0,1,1,A,-,03,22350,,N,F,A,A,A,H,-,A,D,0,,,,,Y,,A,07,0,1,0,0,0,0,0,0,0,"- ","- ",41.803009033203125,-124.14887237548828,"DEL NORTE",UNINCORPORATED,-124.14885711669922,41.803005218505859
91406620,2021,2021-02-11,9120,2021-02-03,1250,021221,,3,1,9,0800,0,1,2,,2,003,"UNITED STATES HIGHWAY 199",17N49,5808.00,S,N,C,-,Y,,,199,,,,,,,Y,3,0,1,1,A,-,08,22107,,N,E,I,A,B,H,-,A,D,0,,,,Y,Y,,F,55,0,1,0,0,0,0,0,0,0,"- ","- ",41.839450836181641,-124.03267669677734,"DEL NORTE",UNINCORPORATED,-124.03268432617188,41.839435577392578
91428367,2021,2021-03-16,9120,2021-03-12,1700,021580,,5,2,9,0800,0,3,5,,2,042,"RAILROAD AVENUE","MYRTLE LANE",390.00,S,N,A,-,N,,,,,,,,,,Y,3,0,1,1,A,-,08,22107,,N,E,I,A,A,H,-,A,D,0,,,,,Y,,D,22,0,1,0,0,0,0,0,0,0,"- ","- ",41.782890319824219,-124.17929077148438,"DEL NORTE",UNINCORPORATED,-124.17967224121094,41.782527923583984
91429474,2021,2021-03-17,9120,2021-03-10,0952,019348,,3,1,9,0800,0,2,4,,2,027,"OLD MILL RD","LAZY LANE",6.00,E,N,A,-,N,,,,,,,,,,Y,3,0,1,1,A,-,03,22350,,N,E,I,A,A,H,-,A,D,0,,,,,Y,,A,01,0,1,0,0,0,0,0,0,0,"- ","- ",41.786609649658203,-124.20458221435547,"DEL NORTE",UNINCORPORATED,-124.20439147949219,41.786571502685547
91628617,2021,2021-11-18,9120,2021-11-11,1111,021161,,4,1,9,0800,0,1,2,,2,003,US-199,"ELK VALLEY CROSS RD",0.00,,Y,A,-,Y,,,199,,,,,,,Y,4,0,2,3,A,-,09,21800,A,N,D,C,A,A,H,-,A,A,0,,,,,Y,Y,A,07,0,0,2,0,0,0,0,0,0,"- ","- ",41.804351806640625,-124.14325714111328,"DEL NORTE",UNINCORPORATED,-124.14325714111328,41.804302215576172
91621686,2021,2021-11-10,9120,2021-10-29,1140,017994,,5,1,9,0800,0,1,2,,2,003,US-199,"WALKER RD",5280.00,S,N,B,C,Y,,,199,,,,,,,Y,4,0,1,1,A,-,01,23152,F,N,E,I,A,B,H,-,A,A,0,,,,,Y,,A,01,0,0,1,0,0,0,0,0,0,"- ","- ",41.811008453369141,-124.12338256835938,"DEL NORTE",UNINCORPORATED,-124.12338256835938,41.811008453369141
91565655,2021,2021-09-08,9120,2021-08-31,1430,017248,,2,2,9,0800,0,1,3,,1,008,US-101,"WILSON CREEK ROAD",1000.00,S,N,A,-,Y,,,101,,,,,,,Y,2,0,3,2,A,-,08,22107,,N,A,C,A,A,H,-,A,D,0,,,Y,,Y,,C,02,1,2,0,0,0,0,0,0,1,"- ","- ",41.598911285400391,-124.10054779052734,"DEL NORTE",UNINCORPORATED,-124.10054016113281,41.598907470703125
91424360,2021,2021-03-10,9120,2021-03-05,1910,021580,,5,2,9,0800,0,2,4,,2,030,"ELK VALLEY ROAD","MADISON AVENUE",110.00,S,N,C,-,N,,,,,,,,,,Y,3,0,1,1,A,-,08,22107,,N,E,I,A,B,H,-,D,D,0,,,,,Y,,A,01,0,1,0,0,0,0,0,0,0,"- ","- ",41.754550933837891,-124.17163848876953,"DEL NORTE",UNINCORPORATED,-124.17197418212891,41.754550933837891
91395097,2021,2021-01-27,9120,2021-01-22,1750,017248,,5,2,9,0800,0,1,2,,2,003,US199,"WALKER ROAD",3696.00,N,N,A,-,Y,,,199,,,,,,,Y,3,0,1,1,A,-,08,22107,,N,E,I,A,B,H,-,D,D,0,,,,,Y,,A,01,0,1,0,0,0,0,0,0,0,"- ","- ",41.811721801757812,-124.09633636474609,"DEL NORTE",UNINCORPORATED,-124.09633636474609,41.811687469482422
91564603,2021,2021-09-07,9120,2021-08-30,1150,017994,,1,1,9,0800,0,1,2,,2,003,US-199,"WALKER RD",0.00,,Y,A,-,Y,,,199,,,,,,,Y,4,0,1,2,A,-,09,21801,A,N,A,C,A,A,H,-,A,D,0,,,,,Y,,A,07,0,0,1,0,0,0,0,0,0,"- ","- ",41.811470031738281,-124.10884094238281,"DEL NORTE",UNINCORPORATED,-124.10884094238281,41.811450958251953
91412928,2021,2021-02-22,9120,2021-02-13,0010,021446,,6,3,9,0800,0,1,2,,2,005,US-101,"HAMILTON RD",3696.00,S,N,C,-,Y,,,101,,,,,,,Y,4,0,1,1,A,-,03,22350,,N,E,I,A,B,H,-,D,D,0,,,,,Y,,A,01,0,0,1,0,0,0,0,0,0,"- ","- ",41.714859008789062,-124.13546752929688,"DEL NORTE",UNINCORPORATED,-124.13556671142578,41.714851379394531
91508781,2021,2021-06-29,9120,2021-06-21,1550,021580,,1,2,9,0800,0,1,2,,2,006,US-101,"EHLERS WAY",0.00,,Y,A,-,Y,,,101,,,,,,,Y,4,0,1,2,A,-,09,21802,A,N,D,2,A,A,H,-,A,A,0,,,,,Y,,A,01,0,0,1,0,0,0,0,0,0,"- ","- ",41.531299591064453,-124.04170989990234,"DEL NORTE",UNINCORPORATED,-124.04172515869141,41.531284332275391
91510269,2021,2021-06-30,9120,2021-06-26,1547,021725,,6,2,9,0800,0,1,2,,2,005,"RT 101","HUMBOLDT ROAD",1584.00,S,N,A,-,Y,,,101,,,,,,,N,2,0,1,1,A,-,08,22107,,N,E,I,A,A,H,-,A,D,0,,,,,Y,,A,07,1,0,0,0,0,0,0,0,0,"- ","- ",41.733798980712891,-124.14904022216797,"DEL NORTE",UNINCORPORATED,-124.14905548095703,41.7337646484375
91476875,2021,2021-05-27,9120,2021-05-11,1458,017248,,2,2,2,0801,0,1,S,,2,901,US-101,"NORTHCREST DRIVE",0.00,,Y,A,-,Y,,,101,,,,,,,Y,3,0,1,2,A,-,09,21806,A,N,A,C,A,A,H,-,A,A,0,,,,,Y,,A,01,0,1,0,0,0,0,0,0,0,"- ","- ",41.763359069824219,-124.1968994140625,"DEL NORTE","CRESCENT CITY",-124.19692993164062,41.763381958007812
91695005,2021,2022-02-07,9120,2021-10-26,2500,021221,,2,4,9,0800,0,1,2,,2,006,"UNITED STATES HIGHWAY 101","LONESOME ROAD",4185.00,N,N,F,-,Y,,,101,,,,,,,Y,1,1,0,1,A,-,03,22350,,N,E,I,A,A,H,-,A,D,0,,,,,Y,,A,01,0,0,0,0,0,0,0,0,0,"- ","- ",41.585899353027344,-124.09221649169922,"DEL NORTE",UNINCORPORATED,-124.09203338623047,41.586082458496094