CASE_ID,ACCIDENT_YEAR,PROC_DATE,JURIS,COLLISION_DATE,COLLISION_TIME,OFFICER_ID,REPORTING_DISTRICT,DAY_OF_WEEK,CHP_SHIFT,POPULATION,CNTY_CITY_LOC,SPECIAL_COND,BEAT_TYPE,CHP_BEAT_TYPE,CITY_DIVISION_LAPD,CHP_BEAT_CLASS,BEAT_NUMBER,PRIMARY_RD,SECONDARY_RD,DISTANCE,DIRECTION,INTERSECTION,WEATHER_1,WEATHER_2,STATE_HWY_IND,CALTRANS_COUNTY,CALTRANS_DISTRICT,STATE_ROUTE,ROUTE_SUFFIX,POSTMILE_PREFIX,POSTMILE,LOCATION_TYPE,RAMP_INTERSECTION,SIDE_OF_HWY,TOW_AWAY,COLLISION_SEVERITY,NUMBER_KILLED,NUMBER_INJURED,PARTY_COUNT,PRIMARY_COLL_FACTOR,PCF_CODE_OF_VIOL,PCF_VIOL_CATEGORY,PCF_VIOLATION,PCF_VIOL_SUBSECTION,HIT_AND_RUN,TYPE_OF_COLLISION,MVIW,PED_ACTION,ROAD_SURFACE,ROAD_COND_1,ROAD_COND_2,LIGHTING,CONTROL_DEVICE,CHP_ROAD_TYPE,PEDESTRIAN_ACCIDENT,BICYCLE_ACCIDENT,MOTORCYCLE_ACCIDENT,TRUCK_ACCIDENT,NOT_PRIVATE_PROPERTY,ALCOHOL_INVOLVED,STWD_VEHTYPE_AT_FAULT,CHP_VEHTYPE_AT_FAULT,COUNT_SEVERE_INJ,COUNT_VISIBLE_INJ,COUNT_COMPLAINT_PAIN,COUNT_PED_KILLED,COUNT_PED_INJURED,COUNT_BICYCLIST_KILLED,COUNT_BICYCLIST_INJURED,COUNT_MC_KILLED,COUNT_MC_INJURED,PRIMARY_RAMP,SECONDARY_RAMP,LATITUDE,LONGITUDE,COUNTY,CITY,POINT_X,POINT_Y
91437987,2021,2021-03-29,9120,2021-03-26,1545,021597,,5,2,9,0800,0,2,4,,2,027,"OLD MILL ROAD","LAZY LANE",150.00,N,N,A,-,N,,,,,,,,,,N,3,0,1,2,B,-,22,,,N,D,G,A,A,H,-,A,D,0,,Y,,,Y,,L,04,0,1,0,0,0,0,1,0,0,"- ","- ",41.786991119384766,-124.20442962646484,"DEL NORTE",UNINCORPORATED,-124.20438385009766,41.786983489990234
91564475,2021,2021-09-07,9120,2021-08-28,1433,021580,,6,2,9,0800,0,1,2,,2,003,US-199,"FRENCH HILL ROAD",2640.00,S,N,A,-,Y,,,199,,,,,,,Y,2,0,2,1,A,-,08,22107,,N,E,8,A,A,H,-,A,D,0,,,,,Y,,A,01,1,0,1,0,0,0,0,0,0,"- ","- ",41.839290618896484,-124.0284423828125,"DEL NORTE",UNINCORPORATED,-124.0284423828125,41.839324951171875
91550770,2021,2021-08-23,9120,2021-08-16,0100,021221,,1,3,9,0800,0,1,2,,2,003,"UNITED STATES HIGHWAY 199","CABLE ROCK ROAD",10.00,N,N,A,-,Y,,,199,,,,,,,Y,4,0,1,1,A,-,08,22107,,N,E,I,A,A,H,-,D,D,0,,,,,Y,,A,01,0,0,1,0,0,0,0,0,0,"- ","- ",41.792270660400391,-124.06935882568359,"DEL NORTE",UNINCORPORATED,-124.06932830810547,41.792465209960938
91567344,2021,2021-09-10,9120,2021-09-01,0220,017994,,3,3,9,0800,0,1,2,,2,005,US-101,"MILL CREEK ACCESS ROAD",9346.00,S,N,A,-,Y,,,101,,,,,,,Y,2,0,2,1,A,-,01,23152,A,N,E,8,A,A,H,-,D,D,0,,,,Y,Y,Y,G,25,1,1,0,0,0,0,0,0,0,"- ","- ",41.709659576416016,-124.12770080566406,"DEL NORTE",UNINCORPORATED,-124.12770843505859,41.709693908691406
91607623,2021,2021-10-27,9120,2021-10-17,2105,021863,,7,2,9,0800,0,1,2,,2,001,US-101,"TIMBERS BLVD",16.00,S,N,B,-,Y,,,101,,,,,,,Y,4,0,1,2,A,-,03,22350,,N,C,C,A,B,H,-,C,D,0,,,,,Y,,A,07,0,0,1,0,0,0,0,0,0,"- ","- ",41.925418853759766,-124.14060211181641,"DEL NORTE",UNINCORPORATED,-124.140625,41.925395965576172
91615892,2021,2021-11-04,9120,2021-10-27,1735,021085,,3,2,9,0800,0,3,5,,2,042,"MCNAMARA AVE","FRESNO ST",110.00,W,N,B,-,N,,,,,,,,,,Y,3,0,1,1,A,-,08,22107,,M,E,I,A,A,H,-,A,D,0,,,,,Y,,A,07,0,1,0,0,0,0,0,0,0,"- ","- ",41.764110565185547,-124.21077728271484,"DEL NORTE",UNINCORPORATED,-124.210693359375,41.764026641845703
91626388,2021,2021-11-16,9120,2021-11-09,1140,019915,,2,1,9,0800,0,1,2,,2,005,US-101,"HUMBOLDT RD",1751.00,S,N,B,-,Y,,,101,,,,,,,Y,3,0,1,1,A,-,08,22107,,N,E,J,A,A,H,-,A,D,0,,,,Y,Y,,F,55,0,1,0,0,0,0,0,0,0,"- ","- ",41.733558654785156,-124.14865112304688,"DEL NORTE",UNINCORPORATED,-124.14864349365234,41.733566284179688
91386548,2021,2021-01-13,9120,2021-01-02,1438,021863,,6,2,9,0800,0,2,4,,2,029,"CHILDS AVE","DEL NORTE",0.00,,Y,A,-,N,,,,,,,,,,Y,4,0,1,2,A,-,09,21800,A,N,D,C,A,A,H,-,A,D,0,,,,,Y,,A,01,0,0,1,0,0,0,0,0,0,"- ","- ",41.761619567871094,-124.2081298828125,"DEL NORTE",UNINCORPORATED,-124.20809936523438,41.761531829833984
91631941,2021,2021-11-22,9120,2021-11-11,2135,021863,,4,2,9,0800,0,3,5,,2,045,"FRENCH HILL RD","BEAR BASIN RD",1584.00,S,N,A,-,N,,,,,,,,,,Y,3,0,1,1,A,-,01,23152,A,N,F,I,A,B,H,-,D,D,0,,,,,Y,Y,D,22,0,1,0,0,0,0,0,0,0,"- ","- ",41.812549591064453,-123.86534118652344,"DEL NORTE",UNINCORPORATED,-123.86533355712891,41.8126220703125
91586407,2021,2021-10-04,9120,2021-09-24,2250,017994,,5,3,9,0800,0,1,2,,2,003,"US-199 S/B","SOUTH FORK ROAD",1056.00,S,N,A,-,Y,,,199,,,,,,S,N,2,0,5,1,A,-,08,22107,,F,E,I,A,A,H,-,D,A,0,,,,,Y,,A,01,1,0,4,0,0,0,0,0,0,"- ","- ",41.797389984130859,-124.05841827392578,"DEL NORTE",UNINCORPORATED,-124.05845642089844,41.797401428222656
91478303,2021,2021-05-27,9120,2021-05-15,1726,021580,,6,2,9,0800,0,3,5,,2,045,"HUMBOLDT ROAD","CUSHING STREET",0.00,,Y,A,-,N,,,,,,,,,,Y,3,0,2,2,A,-,09,21801,A,N,A,C,A,A,H,-,A,D,0,,,,,Y,Y,A,01,0,1,1,0,0,0,0,0,0,"- ","- ",41.756191253662109,-124.15643310546875,"DEL NORTE",UNINCORPORATED,-124.15642547607422,41.756191253662109
91427619,2021,2021-03-15,9120,2021-03-07,1228,021221,,7,1,9,0800,0,1,2,,2,003,"UNITED STATES HIGHWAY 199","WALKER ROAD",5808.00,S,N,B,-,Y,,,199,,,,,,,Y,2,0,1,1,A,-,01,23152,F,N,E,I,A,B,H,-,A,D,0,,,,,Y,,A,01,1,0,0,0,0,0,0,0,0,"- ","- ",41.810440063476562,-124.12651062011719,"DEL NORTE",UNINCORPORATED,-124.12652587890625,41.8106689453125
91384331,2021,2021-01-08,9120,2021-01-06,1335,021329,,3,1,9,0800,0,1,2,,2,005,US-101,"MILL CREEK",528.00,N,N,C,-,Y,,,101,,,,,,,Y,2,0,1,1,A,-,03,22350,,N,E,I,A,B,H,-,A,D,0,,,,,Y,,A,01,1,0,0,0,0,0,0,0,0,"- ","- ",41.701118469238281,-124.12184143066406,"DEL NORTE",UNINCORPORATED,-124.12176513671875,41.701187133789062
91502571,2021,2021-06-22,9120,2021-06-12,1715,021725,,6,2,9,0800,0,1,2,,2,003,US-199,"WALKER ROAD",2112.00,S,N,B,C,N,,,199,,,,,,,N,4,0,1,2,A,-,03,22350,,N,C,C,A,B,H,-,A,D,0,,,,,Y,,A,01,0,0,1,0,0,0,0,0,0,"- ","- ",41.811519622802734,-124.11570739746094,"DEL NORTE",UNINCORPORATED,-124.11571502685547,41.811611175537109
91541733,2021,2021-08-10,9120,2021-07-31,1144,021161,,6,1,9,0800,0,1,2,,2,005,US-101,"WILSON CREEK ROAD",0.00,,Y,A,-,Y,,,101,,,,,,,Y,3,0,5,2,A,-,09,21804,A,N,D,2,A,A,H,-,A,D,0,,,,,Y,,A,07,0,2,3,0,0,0,0,0,0,"- ","- ",41.603279113769531,-124.10012054443359,"DEL NORTE",UNINCORPORATED,-124.10015106201172,41.603267669677734
91550395,2021,2021-08-20,9120,2021-08-12,0047,021597,,4,3,9,0800,0,3,5,,2,042,"RIVERSIDE STREET","WEST MADISON AVENUE",2600.00,N,N,A,-,N,,,,,,,,,,N,3,0,1,1,A,-,03,22350,,N,E,I,A,A,H,-,D,D,0,,,,,Y,,A,01,0,1,0,0,0,0,0,0,0,"- ","- ",41.782360076904297,-124.22908782958984,"DEL NORTE",UNINCORPORATED,-124.23017120361328,41.783229827880859
91557543,2021,2021-08-30,9120,2021-08-20,1928,021580,,5,2,9,0800,0,2,4,,2,027,"LAKE EARL DRIVE","BACHELOR ROAD",1056.00,N,N,A,-,N,,,,,,,,,,Y,2,0,1,1,A,-,03,22350,,N,E,I,A,A,H,-,A,D,0,,,Y,,Y,,C,02,1,0,0,0,0,0,0,0,1,"- ","- ",41.850658416748047,-124.15837860107422,"DEL NORTE",UNINCORPORATED,-124.15846252441406,41.850196838378906
91615135,2021,2021-11-03,9120,2021-10-28,1107,021161,,4,1,9,0800,0,1,2,,2,005,US-101,"RUDISILL RD",300.00,N,N,A,-,Y,,,101,,,,,,,Y,4,0,1,1,A,-,08,22107,,N,E,J,A,A,H,-,A,D,0,,,,,Y,,A,01,0,0,1,0,0,0,0,0,0,"- ","- ",41.620071411132812,-124.10936737060547,"DEL NORTE",UNINCORPORATED,-124.10942840576172,41.620059967041016
91488990,2021,2021-06-03,9120,2021-05-27,0834,019348,,4,1,9,0800,0,1,2,,2,005,US-101,"MILL CREEK",5280.00,S,N,B,C,Y,,,101,,,,,,,Y,4,0,1,1,A,-,08,22107,,N,E,I,A,B,H,-,A,D,0,,,,,Y,,A,01,0,0,1,0,0,0,0,0,0,"- ","- ",41.711071014404297,-124.12699127197266,"DEL NORTE",UNINCORPORATED,-124.12710571289062,41.711006164550781
91459738,2021,2021-05-27,9120,2021-04-19,2055,021085,,1,2,9,0800,0,3,5,,2,042,"LOWER LAKE DRIVE","MOSELY ROAD",2870.00,N,N,B,-,N,,,,,,,,,,Y,3,0,1,1,A,-,08,22107,,N,E,I,A,A,H,-,D,D,0,,,,,Y,,A,01,0,1,0,0,0,0,0,0,0,"- ","- ",41.887771606445312,-124.18079376220703,"DEL NORTE",UNINCORPORATED,-124.18075561523438,41.888134002685547
91452407,2021,2021-04-16,9120,2021-04-11,1506,021725,,7,2,9,0800,0,1,2,,2,003,US-199,"STORM WAY",750.00,S,N,A,-,Y,,,199,,,,,,,Y,3,0,5,2,A,-,09,21802,A,N,D,C,A,A,H,-,A,D,0,,,,,Y,,D,22,0,5,0,0,0,0,0,0,0,"- ","- ",41.792930603027344,-124.07174682617188,"DEL NORTE",UNINCORPORATED,-124.07176208496094,41.792877197265625
91488670,2021,2021-06-03,9120,2021-05-25,1208,021161,,2,1,9,0800,0,1,2,,2,003,US-199,"WALKER ROAD",16.00,S,N,A,-,Y,,,199,,,,,,,N,4,0,1,2,A,-,03,22350,,F,C,C,A,A,H,-,A,D,0,,,,,Y,,A,01,0,0,1,0,0,0,0,0,0,"- ","- ",41.811519622802734,-124.10871887207031,"DEL NORTE",UNINCORPORATED,-124.10871887207031,41.811450958251953
91493167,2021,2021-06-09,9120,2021-06-01,1600,021580,,2,2,9,0800,0,1,2,,2,001,US-101,"ROWDY CREEK ROAD",0.00,,Y,A,-,Y,,,101,,,,,,,Y,3,0,3,2,A,-,03,22350,,N,B,2,A,A,H,-,A,D,0,,,,,Y,,A,01,0,3,0,0,0,0,0,0,0,"- ","- ",41.929119110107422,-124.14421844482422,"DEL NORTE",UNINCORPORATED,-124.14424133300781,41.929084777832031
91573300,2021,2021-09-21,9120,2021-09-15,0534,019915,,3,3,9,0800,0,1,2,,2,006,US-101,"LONESOME RD.",959.00,N,N,A,-,Y,,,101,,,,,,,Y,2,0,1,2,A,-,06,21750,A,N,D,C,A,A,H,-,D,D,0,,,Y,,Y,,C,02,1,0,0,0,0,0,0,0,1,"- ","- ",41.582530975341797,-124.08155059814453,"DEL NORTE",UNINCORPORATED,-124.08154296875,41.582538604736328
91628216,2021,2021-11-18,9120,2021-11-14,1026,019915,,7,1,9,0800,0,1,2,,2,003,US-199,"FRENCH HILL ROAD",0.00,,Y,A,-,Y,,,199,,,,,,,Y,4,0,1,2,A,-,03,22350,,N,C,C,A,B,H,-,A,D,0,,,,,Y,,A,01,0,0,1,0,0,0,0,0,0,"- ","- ",41.843048095703125,-124.00760650634766,"DEL NORTE",UNINCORPORATED,-124.00761413574219,41.843059539794922
91518435,2021,2021-07-12,9120,2021-07-05,1758,017248,,1,2,9,0800,0,1,2,,2,003,US-199,"WALKER ROAD",0.00,,Y,A,-,Y,,,199,,,,,,,Y,3,0,3,2,A,-,09,21802,A,N,D,C,A,A,H,-,A,D,0,,,,,Y,,A,07,0,1,2,0,0,0,0,0,0,"- ","- ",41.811519622802734,-124.1085205078125,"DEL NORTE",UNINCORPORATED,-124.1085205078125,41.811450958251953
91519390,2021,2021-07-13,9120,2021-07-07,2113,017248,,3,2,9,0800,0,1,2,,2,004,US-199,"SISKIYOU FORK ROAD",110.00,N,N,A,-,Y,,,199,,,,,,,Y,3,0,1,1,A,-,01,23152,A,N,E,I,A,A,H,-,B,D,0,,,,,Y,Y,D,22,0,1,0,0,0,0,0,0,0,"- ","- ",41.885650634765625,-123.8077392578125,"DEL NORTE",UNINCORPORATED,-123.8077392578125,41.885646820068359
91542556,2021,2021-08-11,9120,2021-08-08,1753,021597,,7,2,9,0800,0,1,2,,2,004,US-199,"SIKIYOU FORK ROAD",5544.00,N,N,A,-,Y,,,199,,,,,,,Y,3,0,1,1,A,-,03,22350,,N,E,I,A,A,H,-,A,D,0,,,Y,,Y,,C,02,0,1,0,0,0,0,0,0,1,"- ","- ",41.890159606933594,-123.79203033447266,"DEL NORTE",UNINCORPORATED,-123.79208374023438,41.890144348144531
91388987,2021,2021-01-18,9120,2021-01-09,1538,021863,,6,2,9,0800,0,2,4,,2,030,"PARKWAY DR","ELK VALLEY X",0.00,,Y,A,-,N,,,,,,,,,,N,3,0,1,2,A,-,05,21460,A,N,D,C,A,A,H,-,A,D,0,,,Y,,Y,,C,02,0,1,0,0,0,0,0,0,1,"- ","- ",41.801921844482422,-124.14150238037109,"DEL NORTE",UNINCORPORATED,-124.14083099365234,41.802364349365234
91401660,2021,2021-02-03,9120,2021-01-29,1651,021580,,5,2,9,0800,0,1,A,,2,710,"UNNAMED DIRT ROAD N/O RIVERSIDE ST","RIVERSIDE STREET",111.00,N,N,B,C,N,,,,,,,,,,N,3,0,3,1,A,-,08,22107,,N,E,J,A,B,F,-,A,D,0,,,,,Y,,A,07,0,1,2,0,0,0,0,0,0,"- ","- ",41.782630920410156,-124.2288818359375,"DEL NORTE",UNINCORPORATED,,
91467043,2021,2021-05-27,9120,2021-04-30,1139,019348,,5,1,9,0800,0,1,2,,2,001,US-101,"WILSON LN",0.00,,Y,A,-,Y,,,101,,,,,,,Y,4,0,4,2,A,-,09,21801,A,N,A,C,A,A,H,-,A,D,0,,,,,Y,,A,01,0,0,4,0,0,0,0,0,0,"- ","- ",41.91912841796875,-124.13657379150391,"DEL NORTE",UNINCORPORATED,-124.13655853271484,41.91912841796875
91541600,2021,2021-08-10,9120,2021-08-05,1224,019915,,4,1,9,0800,0,1,2,,2,003,US-199,"FOREST ROUTE 17N49",1320.00,S,N,A,-,Y,,,199,,,,,,,Y,3,0,2,2,A,-,08,22107,,N,B,2,A,A,H,-,A,D,0,,,,,Y,,A,07,0,2,0,0,0,0,0,0,0,"- ","- ",41.843460083007812,-124.02182769775391,"DEL NORTE",UNINCORPORATED,-124.02182769775391,41.843456268310547
91434470,2021,2021-03-24,9120,2021-03-21,2118,021725,,7,2,9,0800,0,2,4,,2,029,"WASHINGTON BLVD","LEIF CIR",0.00,,Y,A,-,N,,,,,,,,,,N,4,0,1,2,A,-,09,21801,A,N,D,C,A,A,H,-,C,D,0,,,,,Y,,E,22,0,0,1,0,0,0,0,0,0,"- ","- ",41.772670745849609,-124.19384002685547,"DEL NORTE",UNINCORPORATED,-124.19384002685547,41.772697448730469
91383624,2021,2021-01-07,9120,2021-01-02,1148,021161,,6,1,9,0800,0,2,4,,2,028,"FRED HAIGHT DRIVE","BOROUGH LN",2100.00,S,N,B,-,Y,,,,,,,,,,Y,2,0,1,1,A,-,08,22107,,N,E,I,A,B,H,-,A,D,0,,,,,Y,,A,01,1,0,0,0,0,0,0,0,0,"- ","- ",41.910091400146484,-124.14613342285156,"DEL NORTE",UNINCORPORATED,,
91514746,2021,2021-07-07,9120,2021-07-01,1519,021580,,4,2,9,0800,0,3,5,,2,042,"RAILROAD AVENUE","SUSAN LANE",410.00,N,N,A,-,N,,,,,,,,,,Y,3,0,1,1,A,-,08,22107,,N,E,I,A,A,H,-,A,D,0,,,,,Y,,D,22,0,1,0,0,0,0,0,0,0,"- ","- ",41.782138824462891,-124.17986297607422,"DEL NORTE",UNINCORPORATED,-124.179931640625,41.782192230224609
91526508,2021,2021-07-22,9120,2021-07-14,2205,017994,,3,3,9,0800,0,2,4,,2,029,"W WASHINGTON BOULEVARD","JOAQUIN STREET",225.00,W,N,A,-,N,,,,,,,,,,Y,2,0,1,2,A,-,09,21801,A,N,H,G,A,A,H,-,C,D,0,,Y,,,Y,,A,01,1,0,0,0,0,0,1,0,0,"- ","- ",41.772491455078125,-124.22028350830078,"DEL NORTE",UNINCORPORATED,-124.21531677246094,41.772731781005859
91399883,2021,2021-02-01,9120,2021-01-26,1609,021580,,2,2,9,0800,0,1,2,,2,005,US-101,"WILSON CREEK ROAD",2640.00,N,N,C,-,Y,,,101,,,,,,,Y,4,0,1,1,A,-,03,22350,,N,E,I,A,B,H,-,A,D,0,,,,,Y,,A,01,0,0,1,0,0,0,0,0,0,"- ","- ",41.608680725097656,-124.10372924804688,"DEL NORTE",UNINCORPORATED,-124.10375213623047,41.608669281005859
91460196,2021,2021-05-27,9120,2021-04-19,1540,017248,,1,2,9,0800,0,1,3,,1,008,SR-197,"GINNY LANE",2640.00,N,N,A,-,Y,,,197,,,,,,,Y,3,0,1,1,A,-,08,22107,,N,E,I,A,A,H,-,A,D,0,,,,,Y,,D,22,0,1,0,0,0,0,0,0,0,"- ","- ",41.844600677490234,-124.11534118652344,"DEL NORTE",UNINCORPORATED,-124.11534118652344,41.844600677490234
91476830,2021,2021-05-27,9120,2021-05-11,1420,021580,,2,2,9,0800,0,3,5,,2,045,"HUMBOLDT ROAD","MAHER AVENUE",0.00,,Y,A,-,N,,,,,,,,,,Y,2,0,2,2,A,-,09,21802,A,N,D,C,A,A,H,-,A,A,0,,,,,Y,,A,01,1,0,1,0,0,0,0,0,0,"- ","- ",41.748519897460938,-124.15643310546875,"DEL NORTE",UNINCORPORATED,-124.15642547607422,41.74853515625
91398990,2021,2021-01-29,9120,2021-01-23,2015,021580,,6,2,9,0800,0,2,4,,2,030,"ELK VALLEY ROAD","CHURCH TREE RD",103.00,S,N,A,-,N,,,,,,,,,,Y,2,0,3,2,A,-,01,23152,A,N,A,C,A,A,H,-,D,D,0,,,,,Y,Y,A,07,1,2,0,0,0,0,0,0,0,"- ","- ",41.791400909423828,-124.14431762695312,"DEL NORTE",UNINCORPORATED,-124.14437866210938,41.791358947753906
91505037,2021,2021-06-24,9120,2021-06-16,0310,021221,,3,3,9,0800,0,1,2,,2,001,"UNITED STATES HIGHWAY 101","ROWDY CREEK ROAD",350.00,N,N,A,-,Y,,,101,,,,,,,Y,4,0,1,1,A,-,08,22107,,N,E,I,A,A,H,-,C,D,0,,,,,Y,,A,07,0,0,1,0,0,0,0,0,0,"- ","- ",41.929698944091797,-124.14540863037109,"DEL NORTE",UNINCORPORATED,-124.14540100097656,41.929714202880859
91494306,2021,2021-06-10,9120,2021-06-02,1845,017248,,3,2,9,0800,0,1,2,,2,003,US199,"HARDSCRABBLE CREEK BRIDGE",7920.00,S,N,A,-,Y,,,199,,,,,,,Y,4,0,1,1,A,-,08,22107,,N,E,I,A,A,H,-,A,D,0,,,,Y,Y,,F,26,0,0,1,0,0,0,0,0,0,"- ","- ",41.825950622558594,-124.03238677978516,"DEL NORTE",UNINCORPORATED,-124.03253173828125,41.825931549072266
91526705,2021,2021-07-22,9120,2021-07-15,1328,021580,,4,1,9,0800,0,1,2,,2,002,US-101,"GAVIN ROAD / ARROWHEAD DRIVE",0.00,,Y,A,-,Y,,,101,,,,,,,Y,2,0,5,3,A,-,03,22350,,N,C,2,A,A,H,-,A,D,0,,,,,Y,,A,07,3,1,1,0,0,0,0,0,0,"- ","- ",41.826118469238281,-124.14505004882812,"DEL NORTE",UNINCORPORATED,-124.14501953125,41.826114654541016
91667486,2021,2021-12-31,9120,2021-12-23,1216,019915,,4,1,9,0800,0,1,2,,2,004,US-199,"PATRICK CREEK ROAD",5280.00,S,N,B,C,Y,,,199,,,,,,,Y,3,0,1,1,A,-,03,22350,,N,E,I,A,B,H,-,A,D,0,,,,,Y,,D,22,0,1,0,0,0,0,0,0,0,"- ","- ",41.870769500732422,-123.85375213623047,"DEL NORTE",UNINCORPORATED,-123.85372161865234,41.870758056640625